id,mention,wp_title,ratio,ranking,name,gender,to_filter,cosine,avg
Q1054390,Pisu,Mario Pisu,0.5714285714285714,1.0,,,,0.8821907,0.8178730904761905
Q3697462,Malgioglio,Cristiano Malgioglio,0.6666666666666666,1.0,,,,0.9467571,0.8711412555555555
Q368206,Aldo Busi,Aldo Busi,1.0,1.0,,,,1.0000002,1.0000000666666666
Q25147,Battiato,Franco Battiato,0.6956521739130435,1.0,,,,0.9456258,0.8804259913043477
Q11571,Ronaldo,Cristiano Ronaldo,0.5833333333333334,0.8888888888888888,Ronaldo,male,,0.96564883,0.8126236840740741
Q1402,Boccaccio,Giovanni Boccaccio,0.6666666666666666,1.0,,,,0.93377596,0.8668142088888887
Q923088,champions Pioli,Stefano Pioli,0.5714285714285714,1.0,,,,0.9134875,0.8283053571428572
Q6882,joyce,James Joyce,0.5,1.0,,,,0.9317335,0.8105778333333333
Q21403452,ounas,Adam Ounas,0.5333333333333333,1.0,,,,0.9379906,0.8237746444444444
Q367342,Scelba,Mario Scelba,0.6666666666666666,1.0,,,,0.8655614,0.8440760222222222
Q518152,Martoglio,Nino Martoglio,0.782608695652174,1.0,,,,0.94505334,0.9092206785507245
Q28974273,zaniolo,Nicolò Zaniolo,0.5714285714285714,1.0,,,,0.9527572,0.8413952571428571
Q11860,berlusconi,Silvio Berlusconi,0.6666666666666666,1.0,,,,0.9417165,0.8694610555555555
Q327771,Speri,Tito Speri,0.6666666666666666,1.0,,,,0.9117497,0.8594721222222222
Q3666973,Checca Rino,Checco Durante,0.56,1.0,,,,0.8549857,0.8049952333333333
Q891520,Skriniar,Milan Škriniar,0.6363636363636364,1.0,,,,0.954028,0.8634638787878788
Q29342,Klay Thompson,Klay Thompson,1.0,1.0,,,,1.0,1.0
Q443317,Davi,Robert Davi,0.5333333333333333,1.0,Davi,male,,0.9194708,0.8176013777777777
Q17131,Ponzio Pilato?,Ponzio Pilato,0.9629629629629628,1.0,,,,0.96042645,0.9744631376543209
Q317142,L. Sciascia,Leonardo Sciascia,0.7142857142857143,1.0,,,,0.764091,0.8261255714285715
Q20721,Cherubini,Luigi Cherubini,0.75,0.7777777777777778,,,,0.90053743,0.8094384025925926
Q2738689,Signorini,Gianluca Signorini,0.6666666666666666,1.0,,,,0.93873036,0.8684656755555555
Q1009050,Renato Sanchez,Renato Pozzetto,0.5517241379310345,1.0,,,,0.9313476,0.8276905793103447
Q105755408,Zorzi,Tommaso Zorzi,0.5555555555555556,1.0,,,,0.9003111,0.8186222185185185
Q173238,Reutemann,Carlos Reutemann,0.72,1.0,,,,0.97059655,0.8968655166666667
Q3893975,Del Debbio,Paolo Del Debbio,0.7692307692307693,1.0,,,,0.940573,0.903267923076923
Q22686,Trump,Donald Trump,0.5882352941176471,1.0,,,,0.9498447,0.8460266647058824
Q164995,Berlinguer,Enrico Berlinguer,0.7407407407407407,1.0,,,,0.9400115,0.8935840802469136
Q441822,Biasin,Sarah Biasini,0.631578947368421,1.0,,,,0.82892835,0.8201690991228071
Q1459321,Cecchi Gori,Vittorio Cecchi Gori,0.7096774193548387,1.0,,,,0.9599179,0.8898651064516129
Q3848255,Adinolfi,Mario Adinolfi,0.7272727272727273,1.0,,,,0.93087995,0.8860508924242424
Q20110,Totti,Francesco Totti,0.5,1.0,,,,0.94003093,0.8133436433333333
Q317142,Sciascia,Leonardo Sciascia,0.64,1.0,,,,0.92911613,0.8563720433333334
Q18572825,Arrivabene,Maurizio Arrivabene,0.6896551724137931,1.0,,,,0.9323114,0.8739888574712644
Q3626966,Harry Styles,Harry Styles,1.0,1.0,,,,0.9999997,0.9999999
Q969423,Navas,Keylor Navas,0.5882352941176471,1.0,,,,0.88420045,0.8241452480392158
Q1911,Giroud,Olivier Giroud,0.6,1.0,,,,0.9575353,0.8525117666666667
Q3827737,Boldrini,Laura Boldrini,0.7272727272727273,1.0,,,,0.9532685,0.8935137424242424
Q47583,Gianfranco Fini,Gianfranco Fini,1.0,1.0,,,,1.0000004,1.0000001333333335
Q213002,Handanovic,Samir Handanovič,0.6923076923076923,1.0,,,,0.9651607,0.8858227974358974
Q466422,patty,Patty Pravo,0.5,1.0,,,,0.91946197,0.8064873233333333
Q18044401,Kessie,Franck Kessié,0.5263157894736842,1.0,,,,0.9646064,0.8303073964912281
Q26857965,Radu,Ionuț Radu,0.5714285714285714,1.0,Radu,male,,0.8818251,0.8177512238095238
Q3961288,Zaza,Simone Zaza,0.5333333333333333,1.0,Zaza,male,,0.9546832,0.8293388444444444
Q25162,Fazio,Fabio Fazio,0.625,1.0,,,,0.94272226,0.85590742
Q76,Obama,Barack Obama,0.5882352941176471,1.0,,,,0.95620906,0.8481481180392157
Q3666973,Checca Pavone?,Checco Durante,0.5714285714285714,1.0,,,,0.8572272,0.8095519238095238
Q50002,Bonino,Emma Bonino,0.7058823529411765,1.0,,,,0.9404201,0.8821008176470588
Q379805,De Sciglio,Mattia De Sciglio,0.7407407407407407,1.0,,,,0.9471101,0.8959502802469136
Q11954,Mertens,Dries Mertens,0.7,1.0,,,,0.95673144,0.8855771466666665
Q763465,Calhanoglu,Hakan Çalhanoğlu,0.6153846153846154,1.0,,,,0.9624139,0.8592661717948719
Q354529,Allegri,Massimiliano Allegri,0.5185185185185185,1.0,,,,0.94213015,0.8202162228395062
Q43926,pirlo,Andrea Pirlo,0.4705882352941176,1.0,,,,0.9447067,0.8050983117647058
Q15830919,Rugani,Daniele Rugani,0.6,1.0,,,,0.9291284,0.8430428000000001
Q36153,beyonce,Beyoncé,0.7142857142857143,1.0,,,,1.0000002,0.9047619714285714
Q6836741,michele esposito,Michele Esposito,0.875,1.0,,,,1.0,0.9583333333333334
Q3751335,Freda,Franco Freda,0.5882352941176471,1.0,Freda,female,,0.91111535,0.833116881372549
Q552229,Pier ferdinando Casini,Pier Ferdinando Casini,0.9545454545454546,1.0,,,,1.0000005,0.9848486515151516
Q2561133,Fabricius,Werner Fabricius,0.72,0.8888888888888888,Fabricius,male,,0.93589354,0.8482608096296297
Q15220993,Bernardeschi,Federico Bernardeschi,0.7272727272727273,1.0,,,,0.93357414,0.8869489557575757
Q7747,Vladimir Vladimirovič Putin,Vladimir Putin,0.6829268292682927,1.0,,,,0.9357958,0.8729075430894309
Q50600,Tevez,Carlos Tévez,0.4705882352941176,1.0,,,,0.94665885,0.8057490284313725
Q38693097,bremer,Gleison Bremer,0.5,1.0,,,,0.9215197,0.8071732333333334
Q1071031,Gentiloni,Paolo Gentiloni,0.75,1.0,,,,0.93137324,0.8937910800000001
Q1886591,Mal,Mal,1.0,1.0,,,,0.99999976,0.99999992
Q211451,Kolarov,Aleksandar Kolarov,0.56,1.0,,,,0.85520446,0.8050681533333334
Q55280662,Azzolina,Lucia Azzolina,0.7272727272727273,1.0,Azzolina,female,,0.95639,0.8945542424242424
Q18394009,Renato Sanches,Renato Sanches,1.0,1.0,,,,1.0000002,1.0000000666666666
Q288217,Riz Ortolani,Riz Ortolani,1.0,1.0,,,,0.99999994,0.99999998
Q236135,Romina Sur,Romina Power,0.7272727272727273,1.0,,,,0.9418228,0.8896985090909091
Q494429,andrea masiello,Andrea Masiello,0.8666666666666667,1.0,,,,0.99999976,0.9555554755555556
Q174614,Carlo Ancelotti,Carlo Ancelotti,1.0,1.0,,,,1.0000002,1.0000000666666666
Q59914562,Raspadori,Giacomo Raspadori,0.6923076923076923,1.0,,,,0.96133816,0.8845486174358975
Q3869147,Myrta Merlino,Myrta Merlino,1.0,1.0,,,,1.0,1.0
Q7747,Vladimir #Putini,Vladimir Putin,0.9333333333333332,1.0,,,,0.9073324,0.9468885777777777
Q1055449,salvini,Matteo Salvini,0.5714285714285714,1.0,,,,0.9471486,0.8395257238095238
Q13865408,Kimmich,Joshua Kimmich,0.6666666666666666,1.0,,,,0.9555337,0.8740667888888889
Q20110,Francesco Totti,Francesco Totti,1.0,1.0,,,,1.0000001,1.0000000333333334
Q11860,Silvio Berlusconi,Silvio Berlusconi,1.0,1.0,,,,0.9999997,0.9999999
Q30055335,Leão,Rafael Leão,0.5333333333333333,1.0,Leão,male,,0.9363267,0.8232200111111111
Q531302,Acerbi,Francesco Acerbi,0.5454545454545454,1.0,,,,0.9190274,0.8214939818181818
Q1405,August D,Augusto,0.8,1.0,,,,0.8690213,0.8896737666666666
Q313316,Romelu,Romelu Lukaku,0.631578947368421,1.0,,,,0.92566746,0.852415469122807
Q310307,Gonzaga,Luigi Gonzaga,0.7,0.8888888888888888,,,,0.9036767,0.8308551962962962
Q106727906,Cerciello Rega?,Mario Cerciello Rega,0.8,1.0,,,,0.93499565,0.9116652166666667
Q1116972,Francesca Sabatella,Luigi Sabatelli,0.5294117647058824,1.0,,,,0.9250381,0.8181499549019607
Q929630,Basaglia,Franco Basaglia,0.6956521739130435,1.0,,,,0.9190768,0.8715763246376812
Q1394,Lenin,Lenin,1.0,1.0,,,,1.0,1.0
Q435962,Borboni,Paola Borboni,0.7,0.8888888888888888,,,,0.8894387,0.8261091962962963
Q5809,Guevara,Che Guevara,0.7777777777777778,1.0,,,,0.9090728,0.8956168592592593
Q16148978,Asensio,Marco Asensio,0.7,1.0,Asensio,male,,0.9616246,0.8872082
Q3852721,Sarri,Maurizio Sarri,0.5263157894736842,1.0,,,,0.9272473,0.8178543631578946
Q78512,Un Asperger,Hans Asperger,0.8333333333333334,0.8888888888888888,,,,0.8545974,0.858939874074074
Q60036307,mahmood,Mahmood,0.8571428571428571,1.0,,,,1.0,0.9523809523809524
Q23857033,Rosica,Giuseppe Rosica,0.5714285714285714,1.0,,,,0.94576335,0.8390639738095237
Q41871,Paul Newman,Paul Newman,1.0,1.0,,,,0.99999976,0.99999992
Q3016133,Dario Bressanini,Dario Bressanini,1.0,1.0,,,,1.0000002,1.0000000666666666
Q173169,Briatore,Flavio Briatore,0.6956521739130435,1.0,,,,0.9503398,0.8819973246376812
Q223741,brian molko,Brian Molko,0.8181818181818182,1.0,,,,1.0000001,0.9393939727272729
Q186485,Billy Crystal,Billy Crystal,1.0,1.0,,,,1.0000001,1.0000000333333334
Q9673,hamilton,Lewis Hamilton,0.6363636363636364,1.0,,,,0.9448463,0.8604033121212121
Q3720084,kyrgios,Nick Kyrgios,0.7368421052631579,1.0,,,,0.8965819,0.877808001754386
Q540791,Nicole Minetti,Nicole Minetti,1.0,1.0,,,,1.0000001,1.0000000333333334
Q10494,Prost,Alain Prost,0.625,1.0,,,,0.9393866,0.8547955333333332
Q726247,Franco Grillini,Franco Grillini,1.0,1.0,,,,1.0000001,1.0000000333333334
Q134183,Johnson,Magic Johnson,0.7,0.8888888888888888,Johnson,male,,0.93906415,0.8426510129629629
Q310034,Lucarelli,Cristiano Lucarelli,0.6428571428571429,1.0,,,,0.9474547,0.863437280952381
Q270669,Melissa Etheridge,Melissa Etheridge,1.0,1.0,,,,1.0,1.0
Q3666973,Checca Pavone,Checco Durante,0.5925925925925926,1.0,,,,0.8661002,0.8195642641975308
Q3052772,Macron,Emmanuel Macron,0.5714285714285714,1.0,,,,0.9218829,0.8311038238095237
Q26972358,Luché,Luchè,0.8,1.0,,,,0.99999946,0.9333331533333333
Q1121457,Giulia Musso,Giulio Musso,0.9166666666666666,1.0,,,,0.9533416,0.9566694222222222
Q3703286,Parenzo,David Parenzo,0.7,0.8888888888888888,,,,0.9491116,0.8460001629629629
Q7747,pro putin,Vladimir Putin,0.5217391304347826,1.0,,,,0.9351168,0.8189519768115942
Q3192187,Koulibaly,Kalidou Koulibaly,0.6923076923076923,1.0,,,,0.8461896,0.846165764102564
Q312308,Totò Riina,Salvatore Riina,0.56,1.0,,,,0.96989757,0.8432991900000001
Q1035,Darwin,Charles Darwin,0.6,1.0,Darwin,male,,0.93798304,0.8459943466666667
Q465805,Belen Rodriguez,Belén Rodríguez,0.8666666666666667,1.0,,,,0.9999999,0.9555555222222223
Q1091579,Barbi,Ciccio Barbi,0.5882352941176471,1.0,,,,0.91070867,0.8329813213725491
Q1378371,Florenzi,Alessandro Florenzi,0.5925925925925926,1.0,,,,0.9265157,0.8397027641975309
Q5079420,charles,Charles James,0.6,0.8888888888888888,,,,0.937407,0.8087652962962962
Q483027,Maldini,Paolo Maldini,0.7,1.0,,,,0.94403565,0.8813452166666668
Q2573947,Brunetta,Renato Brunetta,0.6956521739130435,1.0,,,,0.9428879,0.8795133579710145
Q53023,Maddalena Loy,Nanni Loy,0.5454545454545454,1.0,,,,0.9563175,0.8339240151515152
Q166317,paulo dybala,Paulo Dybala,0.8333333333333334,1.0,,,,0.99999994,0.9444444244444444
Q1083120,Giovanni Nane,Giovanni Vecchina,0.6666666666666666,1.0,,,,0.9808197,0.8824954555555555
Q3694221,Formigli,Corrado Formigli,0.6666666666666666,1.0,,,,0.9685042,0.8783902888888888
Q47683,grillo,Beppe Grillo,0.5555555555555556,1.0,,,,0.9423351,0.8326302185185185
Q105755408,Tommaso Zorzi,Tommaso Zorzi,1.0,1.0,,,,1.0,1.0
Q3616034,Scanzi,Andrea Scanzi,0.631578947368421,1.0,,,,0.9538276,0.8618021824561404
Q56183905,Botman,Sven Botman,0.7058823529411765,1.0,,,,0.9482456,0.8847093176470588
Q503013,Jeremy,Ron Jeremy,0.75,0.8888888888888888,Jeremy,male,,0.9284443,0.8557777296296297
Q23530,Dmitrij #Medvedev,Dmitrij Medvedev,0.9696969696969696,1.0,,,,0.94788265,0.9725265398989899
Q632318,Paone,Nando Paone,0.625,0.8888888888888888,,,,0.90515953,0.806349472962963
Q726247,Franco Grillini!,Franco Grillini,0.967741935483871,1.0,,,,0.959826,0.9758559784946237
Q3893646,Turci,Paola Turci,0.625,1.0,,,,0.88695115,0.8373170499999999
Q3614355,amir,Amir,0.75,0.8888888888888888,,,,0.99999994,0.8796296096296295
Q720249,monsignor Paglia,Vincenzo Paglia,0.5161290322580645,1.0,,,,0.94096154,0.8190301907526881
Q3874799,Mentre Zelensky,Volodymyr Zelens'kyj,0.5714285714285714,1.0,,,,0.89422643,0.8218850004761905
Q284760,Pezzo,Paola Pezzo,0.625,0.8888888888888888,,,,0.89406294,0.8026506096296296
Q3771227,Pillon,Giuseppe Pillon,0.5714285714285714,1.0,,,,0.897194,0.8228741904761905
Q143533,bassetti,Gualtiero Bassetti,0.5384615384615384,1.0,,,,0.9226131,0.8203582128205128
Q7308471,Regina George,Regina George,1.0,0.8888888888888888,,,,0.9999999,0.9629629296296297
Q454910,Juan Jesus,Juan Jesus,1.0,1.0,,,,1.0000004,1.0000001333333335
Q229166,Amber Heard...,Amber Heard,0.88,1.0,,,,0.90417117,0.9280570566666667
Q47683,Grillo,Beppe Grillo,0.6666666666666666,1.0,,,,0.9423351,0.8696672555555555
Q34389,Whitney Houston,Whitney Houston,1.0,1.0,,,,0.9999998,0.9999999333333333
Q171363,Viggo Mortensen,Viggo Mortensen,1.0,1.0,,,,0.99999976,0.99999992
Q3666973,Checca Pavone!,Checco Durante,0.5714285714285714,1.0,,,,0.84733117,0.8062532471428572
Q3323347,Lukaku,Jordan Lukaku,0.631578947368421,0.8888888888888888,,,,0.9313049,0.8172575787524367
Q27058410,Burioni,Roberto Burioni,0.6363636363636364,1.0,,,,0.95475876,0.8637074654545455
Q352,hitler,Adolf Hitler,0.5555555555555556,1.0,,,,0.95508116,0.8368789051851852
Q3768253,Toti,Giovanni Toti,0.4705882352941176,1.0,Toti,female,,0.93765837,0.8027488684313725
Q314926,John Waters,John Waters (regista 1946),0.5945945945945946,1.0,,,,0.9148784,0.8364909981981983
Q948553,Feltri,Vittorio Feltri,0.5714285714285714,1.0,,,,0.9404916,0.8373067238095238
Q160456,Angela Davis,Angela Davis,1.0,1.0,,,,1.0000002,1.0000000666666666
Q12467437,Calenda,Carlo Calenda,0.7,1.0,,,,0.86770374,0.8559012466666666
Q11860,Berlusconi,Silvio Berlusconi,0.7407407407407407,1.0,,,,0.9417165,0.8941524135802469
Q2891989,Pappalardo,Adriano Pappalardo,0.7142857142857143,1.0,,,,0.915043,0.8764429047619048
Q11860,Berlusca,Silvio Berlusconi,0.56,1.0,,,,0.8946621,0.8182207
Q47149,San Silvestro,Papa Silvestro I,0.7586206896551724,1.0,,,,0.8795539,0.8793915298850575
Q340224,Achille Lauro,Achille Lauro,1.0,1.0,,,,1.0000001,1.0000000333333334
Q302,Gesù Cristo,Gesù,0.5333333333333333,1.0,,,,0.95657563,0.8299696544444445
Q3752717,massara,Frederic Massara,0.5217391304347826,1.0,,,,0.9350496,0.8189295768115943
Q551192,Alex Sandro,Alex Sandro (calciatore 1991),0.55,1.0,,,,0.9168987,0.8222995666666666
Q18962,rabiot,Adrien Rabiot,0.631578947368421,1.0,,,,0.91783637,0.8498051057894737
Q585972,Gigi D'Alessio,Gigi D'Alessio,1.0,1.0,,,,0.99999976,0.99999992
Q327456,ziyech,Hakim Ziyech,0.5555555555555556,1.0,,,,0.95275575,0.8361037685185185
Q234169,Cara,Irene Cara,0.5714285714285714,0.8888888888888888,Cara,female,,0.94367146,0.8013296401058202
Q1961095,maria francesca,Maria Francesca di Savoia,0.65,0.8888888888888888,,,,0.92465764,0.8211821762962962
Q3815807,Klaus Davi,Klaus Davi,1.0,1.0,,,,0.9999999,0.9999999666666667
Q315258,Giannini,Giancarlo Giannini,0.6153846153846154,1.0,,,,0.93821007,0.8511982284615384
Q3756752,Labate,Gabriella Labate,0.5454545454545454,1.0,,,,0.9488839,0.8314461484848484
Q212421,Rubio,Ricky Rubio,0.625,1.0,,,,0.951519,0.8588396666666668
Q659163,Giorgetti,Giancarlo Giorgetti,0.6428571428571429,1.0,,,,0.91601217,0.8529564376190476
Q8220404,Speranza,Roberto Speranza,0.6666666666666666,0.8888888888888888,Speranza,female,,0.9353411,0.8302988851851851
Q165968,Manco,Manco Cápac,0.625,0.8888888888888888,,,,0.89222956,0.802039482962963
Q434479,Lino Banfi,Lino Banfi,1.0,1.0,,,,1.0000001,1.0000000333333334
Q37151,Sun Tzu,Sun Tzu,1.0,1.0,,,,1.0,1.0
Q736851,Daniele,Pino Daniele,0.7368421052631579,0.8888888888888888,,,,0.9290973,0.8516094313840156
Q469078,Rino Gaetano,Rino Gaetano,1.0,1.0,,,,1.0,1.0
Q3851022,Fedriga,Massimiliano Fedriga,0.5185185185185185,1.0,,,,0.9016987,0.8067390728395062
Q41370,davide,Davide,0.8333333333333334,1.0,,,,0.99999964,0.9444443244444445
Q3610283,Sallusti,Alessandro Sallusti,0.5925925925925926,1.0,,,,0.9302487,0.8409470975308642
Q364681,Marino vai,Marino Girolami,0.72,0.8888888888888888,,,,0.84222776,0.8170388829629629
Q192671,Vidal,Arturo Vidal,0.5882352941176471,1.0,Vidal,male,,0.96191037,0.8500485547058824
Q239024,Moratti,Letizia Moratti,0.6363636363636364,1.0,,,,0.9457897,0.8607177787878788
Q232090,Agrippina,Vipsania Agrippina,0.6666666666666666,0.7777777777777778,Agrippina,female,,0.9571223,0.8005222481481482
Q314322,Ranocchia,Andrea Ranocchia,0.72,1.0,,,,0.9539542,0.8913180666666666
Q172780,Marc Gene,Marc Gené,0.8888888888888888,1.0,,,,0.9999998,0.9629628962962963
Q672698,Bigon,Alberto Bigon,0.5555555555555556,1.0,,,,0.9402366,0.8319307185185186
Q51575,Huston,John Huston,0.7058823529411765,1.0,,,,0.89722407,0.8677021409803922
Q11192,kimi raikkonen,Kimi Räikkönen,0.7142857142857143,1.0,,,,0.9999999,0.9047618714285716
Q1060134,Vespa,Bruno Vespa,0.625,0.8888888888888888,,,,0.9315337,0.815140862962963
Q48770,Morata,Álvaro Morata,0.631578947368421,1.0,,,,0.95558226,0.862387069122807
Q1756086,Insigne,Lorenzo Insigne,0.6363636363636364,1.0,,,,0.9529574,0.863107012121212
Q450675,PapaFrancesco,Papa Francesco,0.9629629629629628,1.0,,,,0.8835631,0.9488420209876542
Q121655,Carmen Miranda,Carmen Miranda,1.0,1.0,,,,0.9999999,0.9999999666666667
Q26876,taylor swift,Taylor Swift,0.8333333333333334,1.0,,,,0.99999964,0.9444443244444445
Q3609915,Cecchi Paone,Alessandro Cecchi Paone,0.6857142857142857,1.0,,,,0.9656804,0.8837982285714285
Q193236,D’Annunzio,Gabriele D'Annunzio,0.6206896551724138,1.0,,,,0.96497345,0.8618877017241379
Q5284,Bill Gates,Bill Gates,1.0,1.0,,,,0.99999964,0.99999988
Q17477978,Correa,Joaquín Correa,0.6,1.0,,,,0.91929376,0.8397645866666666
Q20830808,Donnarumma,Gianluigi Donnarumma,0.6666666666666666,1.0,,,,0.94745445,0.8713737055555555
Q16540320,Claudio Borghi,Claudio Borghi (politico),0.717948717948718,1.0,,,,0.9300528,0.8826671726495726
Q34296,Woodrow Wilson,Thomas Woodrow Wilson,0.8,1.0,,,,0.9832936,0.9277645333333333
Q356762,Bosé,Miguel Bosé,0.5333333333333333,1.0,,,,0.9454391,0.8262574777777777
Q219771,Giuly,Ludovic Giuly,0.5555555555555556,1.0,,,,0.94588214,0.8338125651851852
Q3626966,harry styles,Harry Styles,0.8333333333333334,1.0,,,,0.9999997,0.9444443444444445
Q3336323,Natacha Lesueur,Natacha Lesueur,1.0,1.0,,,,1.0000005,1.0000001666666667
Q3389427,ilaria 2.0,Ilaria Capua,0.5454545454545454,1.0,,,,0.8595768,0.8016771151515152
Q354529,CortoMuso Allegri?,Massimiliano Allegri,0.5789473684210527,1.0,,,,0.85183215,0.8102598394736842
Q1844447,Bersani,Samuele Bersani,0.6363636363636364,0.8888888888888888,,,,0.95226127,0.8258379317508417
Q674957,Letta,Enrico Letta,0.5882352941176471,1.0,,,,0.93503994,0.8410917447058823
Q23887939,Milenkovic,Nikola Milenković,0.6666666666666666,1.0,,,,0.96174926,0.8761386422222222
Q2263,Tom Hanks,Tom Hanks,1.0,1.0,,,,0.9999999,0.9999999666666667
Q451791,Giorgia Meloni?,Giorgia Meloni,0.9655172413793104,1.0,,,,0.94684744,0.9707882271264369
Q615016,Travaglio,Marco Travaglio,0.75,1.0,,,,0.9452318,0.8984106000000001
Q297794,Yasmina Reza,Yasmina Reza,1.0,1.0,,,,1.0000004,1.0000001333333335
Q166317,Dybala #,Paulo Dybala,0.6,1.0,,,,0.9158923,0.8386307666666667
Q258305,Luxuria,Vladimir Luxuria,0.6086956521739131,1.0,,,,0.9469213,0.8518723173913044
Q192112,Higgs,Peter Higgs,0.625,0.8888888888888888,,,,0.89405686,0.8026485829629629
Q167546,Lucio Dalla,Lucio Dalla,1.0,1.0,,,,0.99999994,0.99999998
Q16582388,Fratoianni,Nicola Fratoianni,0.7407407407407407,1.0,,,,0.893966,0.8782355802469136
Q630170,Paredes,Leandro Paredes,0.6363636363636364,1.0,,,,0.9441225,0.8601620454545454
Q499587,Caressa,Fabio Caressa,0.7,1.0,,,,0.9532931,0.8844310333333333
Q7747,Putin,Vladimir Putin,0.5263157894736842,1.0,,,,0.9529681,0.8264279631578947
Q10501,Mansell,Nigel Mansell,0.7,1.0,,,,0.9330439,0.8776813
Q23517,Ricky Gervais,Ricky Gervais,1.0,1.0,,,,0.9999999,0.9999999666666667
Q3876071,Siano,Nicky Siano,0.625,0.8888888888888888,,,,0.9108384,0.8082424296296296
Q151269,Lewandowski,Robert Lewandowski,0.7586206896551724,1.0,,,,0.9153224,0.8913143632183909
Q21622362,Pessina,Matteo Pessina,0.6666666666666666,1.0,,,,0.9086012,0.8584226222222222
Q676555,San Francesco,Francesco d'Assisi,0.5806451612903226,1.0,,,,0.89550376,0.8253829737634408
Q17631500,Baschirotto,Gianlino Baschirotto,0.7096774193548387,0.7777777777777778,,,,0.9246868,0.8040473323775389
Q529207,ronaldo,Ronaldo,0.8571428571428571,1.0,,,,0.99999994,0.9523809323809523
Q18394009,Sanches,Renato Sanches,0.6666666666666666,1.0,,,,0.88304174,0.8499028022222221
Q3838043,Bizzarri,Luca Bizzarri,0.7619047619047619,1.0,,,,0.91709745,0.8930007373015872
Q624,Del Piero,Alessandro Del Piero,0.6206896551724138,0.8888888888888888,,,,0.9380022,0.8158602480204342
Q818631,Severgnini,Beppe Severgnini,0.7692307692307693,1.0,,,,0.9439684,0.9043997230769231
Q170510,Ian McKellen,Ian McKellen,1.0,1.0,,,,0.99999964,0.99999988
Q315312,gennaro,San Gennaro,0.6666666666666666,1.0,,,,0.93632126,0.8676626422222222
Q143533,Bassetti,Gualtiero Bassetti,0.6153846153846154,1.0,,,,0.9226131,0.8459992384615385
Q8409,alessandro,Alessandro Magno,0.6923076923076923,0.8888888888888888,,,,0.91291296,0.8313698470655271
Q13002,Gascoigne,Paul Gascoigne,0.782608695652174,1.0,,,,0.89125156,0.891286751884058
Q223233,Mendes,Sam Mendes,0.75,1.0,,,,0.9320033,0.8940011
Q354529,CortoMuso Allegri,Massimiliano Allegri,0.5945945945945946,1.0,,,,0.86197174,0.818855444864865
Q451791,Giorgia #Meloni,Giorgia Meloni,0.9655172413793104,1.0,,,,0.9245491,0.9633554471264368
Q152773,Acker,Amy Acker,0.7142857142857143,1.0,,,,0.9543163,0.8895340047619048
Q21587809,FredDePalma,Fred De Palma,0.9166666666666666,1.0,,,,0.8040614,0.9069093555555555
Q3982526,teddy,Teddy Reno,0.5333333333333333,1.0,,,,0.9337156,0.8223496444444445
Q923088,Pioli,Stefano Pioli,0.5555555555555556,1.0,,,,0.9549903,0.8368486185185185
Q2518005,lotito,Claudio Lotito,0.6,1.0,,,,0.94784254,0.8492808466666667
Q180553,Sanchez,Alexis Sánchez,0.5714285714285714,1.0,,,,0.948048,0.8398255238095237
Q69691627,Messias,Junior Messias,0.6666666666666666,1.0,,,,0.93730307,0.8679899122222222
Q3851282,#Giletti,Massimo Giletti,0.6086956521739131,1.0,,,,0.8977945,0.8354967173913043
Q3751549,Ricciardi,Franco Ricciardi,0.72,0.7777777777777778,,,,0.9183158,0.8053645259259259
Q43304,Lippi,Marcello Lippi,0.5263157894736842,1.0,,,,0.94641197,0.824242586491228
Q2426702,Sgarbi,Vittorio Sgarbi,0.5714285714285714,1.0,,,,0.95902795,0.8434855071428572
Q451791,Giorgia Meloni,Giorgia Meloni,1.0,1.0,,,,1.0000001,1.0000000333333334
Q229166,amber heard,Amber Heard,0.8181818181818182,1.0,,,,1.0,0.9393939393939394
Q535055,Alfano,Angelino Alfano,0.5714285714285714,1.0,,,,0.9566579,0.8426954904761904
Q3713005,De Masi,Domenico De Masi,0.6086956521739131,1.0,,,,0.9246953,0.8444636507246376
Q18962,Rabiot,Adrien Rabiot,0.631578947368421,1.0,,,,0.91783637,0.8498051057894737
Q317521,Elon Musk,Elon Musk,1.0,1.0,,,,0.9999999,0.9999999666666667
Q458614,Silvana De Mari,Silvana De Mari,1.0,1.0,,,,0.9999999,0.9999999666666667
Q1911638,Costanzo,Maurizio Costanzo,0.64,1.0,Costanzo,male,,0.93642855,0.8588095166666667
Q190097,Carino,Carino,1.0,1.0,,,,0.99999964,0.99999988
Q21622039,Meret,Alex Meret,0.6666666666666666,1.0,Meret,female,,0.94334185,0.8700028388888889
Q7489310,green thompson,Shaq Thompson,0.5925925925925926,1.0,,,,0.9446927,0.8457617641975309
Q311314,Elliott,Sam Elliott,0.7777777777777778,1.0,Elliott,male,,0.9133813,0.897053025925926
Q736851,Pino Daniele:,Pino Daniele,0.96,1.0,,,,0.96991,0.9766366666666667
Q4109,Chris Rock,Chris Rock,1.0,1.0,,,,0.99999976,0.99999992
Q218532,Candy Candy,John Candy,0.6666666666666666,0.8888888888888888,,,,0.94347554,0.8330103651851851
Q63111192,Leclerc,Arthur Leclerc,0.6666666666666666,0.8888888888888888,,,,0.88734305,0.8142995351851852
Q72904,Adriano,Luiz Adriano,0.7368421052631579,0.8888888888888888,Adriano,male,,0.9325419,0.8527576313840156
Q21622022,Medvedev,Daniil Medvedev,0.6956521739130435,1.0,,,,0.81185246,0.8358348779710144
Q451791,#Meloni,Giorgia Meloni,0.5714285714285714,1.0,,,,0.9237858,0.8317381238095237
Q23762815,Vlahovic,Dušan Vlahović,0.6363636363636364,1.0,,,,0.957772,0.8647118787878787
Q3787461,Hughie,Hughie Green,0.6666666666666666,1.0,,,,0.94347036,0.8700456755555556
Q23761694,mitski,Mitski,0.8333333333333334,1.0,,,,0.99999976,0.9444443644444446
Q43402334,Tonali,Sandro Tonali,0.631578947368421,1.0,,,,0.94109094,0.857556629122807
Q530825,Calderoli,Roberto Calderoli,0.6923076923076923,1.0,,,,0.9487475,0.8803517307692307
Q127330,frank zappa,Frank Zappa,0.8181818181818182,1.0,,,,1.0,0.9393939393939394
Q129027,Pogba,Paul Pogba,0.6666666666666666,1.0,,,,0.9492678,0.8719781555555555
Q348407,Berardi,Domenico Berardi,0.6086956521739131,1.0,,,,0.9450963,0.851263984057971
Q709909,Nicola Pietrangeli,Nicola Pietrangeli,1.0,1.0,,,,1.0000002,1.0000000666666666
Q18394009,sanches,Renato Sanches,0.5714285714285714,1.0,,,,0.88304174,0.8181567704761905
Q15303721,Bravi,Michele Bravi,0.5555555555555556,1.0,,,,0.9440813,0.8332122851851852
Q174614,Ancelotti,Carlo Ancelotti,0.75,1.0,,,,0.93965596,0.8965519866666667
Q38693097,Bremer,Gleison Bremer,0.6,1.0,,,,0.9215197,0.8405065666666668
Q3666978,Checco Zalone,Checco Zalone,1.0,1.0,,,,0.9999999,0.9999999666666667
Q3874474,Governati,Nello Governato,0.6666666666666666,0.8888888888888888,,,,0.87687856,0.8108113718518517
Q2518005,Lotito,Claudio Lotito,0.6,1.0,,,,0.94784254,0.8492808466666667
Q24891605,Ramsey,Bella Ramsey,0.6666666666666666,1.0,Ramsey,male,,0.88060117,0.8490892788888887
Q28051511,Pellegri,Pietro Pellegri,0.6956521739130435,1.0,,,,0.9535154,0.8830558579710145
Q28974273,Zaniolo,Nicolò Zaniolo,0.6666666666666666,1.0,,,,0.9527572,0.8731412888888889
Q3827737,LauraBoldrini,Laura Boldrini,0.9629629629629628,1.0,,,,0.9552649,0.9727426209876543
Q170697,laura pausini,Laura Pausini,0.8461538461538461,1.0,,,,1.0,0.9487179487179488
Q361167,Carmine smith,Carmine Appice,0.6666666666666666,1.0,,,,0.87021077,0.8456258122222221
Q1055449,Matteo salvini,Matteo Salvini,0.9285714285714286,1.0,,,,0.99999994,0.9761904561904763
Q47563,Renzi,Matteo Renzi,0.5882352941176471,1.0,,,,0.9501189,0.8461180647058825
Q294460,Draghi,Mario Draghi,0.6666666666666666,1.0,,,,0.91662526,0.8610973088888888
Q3956186,Mattarella,Sergio Mattarella,0.7407407407407407,1.0,,,,0.9510355,0.8972587469135802
Q3808446,Fenomeno,Jimmy il Fenomeno,0.64,1.0,,,,0.8684279,0.8361426333333334
Q166317,dybala,Paulo Dybala,0.5555555555555556,1.0,,,,0.9411878,0.8322477851851852
Q3771227,pillon,Giuseppe Pillon,0.5714285714285714,1.0,,,,0.897194,0.8228741904761905
Q3666978,Checca,Checco Zalone,0.631578947368421,1.0,Checca,female,,0.8400072,0.8238620491228069
Q3838212,Morisi,Luca Morisi,0.7058823529411765,1.0,,,,0.93624496,0.8807091043137255
Q3874799,Zelensky,Volodymyr Zelens'kyj,0.5714285714285714,1.0,,,,0.8888029,0.820077157142857
Q3679866,Claudia Pandolfi,Claudia Pandolfi,1.0,1.0,,,,0.9999998,0.9999999333333333
Q126503,Inzaghi,Filippo Inzaghi,0.6363636363636364,1.0,,,,0.95442235,0.8635953287878788
Q539,Garibaldi,Giuseppe Garibaldi,0.6666666666666666,1.0,Garibaldi,male,,0.9425467,0.8697377888888888
Q52419629,Spadafora,Vincenzo Spadafora,0.6666666666666666,0.8888888888888888,,,,0.9317351,0.8290968851851851
Q6279,Biden,Joe Biden,0.7142857142857143,1.0,,,,0.90946805,0.8745845880952382
Q77088,Barbie,Klaus Barbie,0.6666666666666666,0.8888888888888888,Barbie,female,,0.9271146,0.8275567185185184
Q640916,Gianni Clerici,Gianni Clerici,1.0,1.0,,,,0.9999995,0.9999998333333333
Q53844829,Giuseppe Conte,Giuseppe Conte,1.0,1.0,,,,1.0,1.0
Q193397,Vai,Steve Vai,0.5,1.0,,,,0.92651784,0.8088392799999999
Q44788,Darmian,Matteo Darmian,0.6666666666666666,1.0,,,,0.94006443,0.8689103655555556
Q8298,David Guetta,David Guetta,1.0,1.0,,,,0.9999999,0.9999999666666667
Q1894,Depay,Memphis Depay,0.5555555555555556,1.0,,,,0.89260405,0.8160532018518518
Q20090225,Barella,Nicolò Barella,0.6666666666666666,1.0,,,,0.9190872,0.8619179555555555
Q126599,kristen stewart,Kristen Stewart,0.8666666666666667,1.0,,,,0.9999999,0.9555555222222223
Q531460,Mancio,Itō Mancio,0.75,0.8888888888888888,Mancio,male,,0.8463855,0.8284247962962962
Q1052910,Guzzanti,Corrado Guzzanti,0.6666666666666666,1.0,,,,0.95969677,0.8754544788888888
Q3119423,Crosetto,Guido Crosetto,0.7272727272727273,1.0,,,,0.9366857,0.8879861424242425
Q1055449,Salvini,Matteo Salvini,0.6666666666666666,1.0,,,,0.9471486,0.8712717555555555
Q1523030,Berisha,Etrit Berisha,0.7,1.0,,,,0.8353625,0.8451208333333332
Q3731559,Mou,Erica Mou,0.5,1.0,,,,0.9550627,0.8183542333333333
Q80966,Cate Blanchett,Cate Blanchett,1.0,1.0,,,,1.0000002,1.0000000666666666
Q472396,Denis Verdini,Denis Verdini,1.0,1.0,,,,0.9999999,0.9999999666666667
Q299779,Sirigu,Salvatore Sirigu,0.5454545454545454,1.0,,,,0.93892217,0.8281255718181818
Q17660516,Fritz,Taylor Fritz,0.5882352941176471,1.0,Fritz,male,,0.88167894,0.8233047447058824
Q556688,Juric,Ivan Jurić,0.5333333333333333,1.0,,,,0.9521554,0.8284962444444445
Q3610479,Butti,Alessio Butti,0.5555555555555556,1.0,,,,0.88266087,0.8127388085185187
Q485508,charlie manson,Charles Manson,0.7857142857142857,1.0,,,,0.9718868,0.9192003619047618
Q314322,Ranocchia”,Andrea Ranocchia,0.6923076923076923,1.0,,,,0.92719424,0.8731673107692307
Q47832,bossi,Umberto Bossi,0.5555555555555556,1.0,,,,0.93441147,0.8299890085185185
Q78512,Asperger,Hans Asperger,0.7619047619047619,0.7777777777777778,,,,0.91149,0.8170575132275132
Q36215,Zuckerberg,Mark Zuckerberg,0.8,1.0,,,,0.95238614,0.9174620466666666
Q17338724,Andrea Rocchelli,Andrea Rocchelli,1.0,1.0,,,,1.0000001,1.0000000333333334
Q11975,Britney Spears,Britney Spears,1.0,1.0,,,,1.0000001,1.0000000333333334
Q263442,Pavone,Rita Pavone,0.7058823529411765,1.0,,,,0.9050729,0.8703184176470589
Q45772,christian,Christian Bale,0.6956521739130435,0.8888888888888888,,,,0.9368812,0.8404740876006441
Q315312,Gennaro,San Gennaro,0.7777777777777778,1.0,Gennaro,male,,0.93632126,0.9046996792592593
Q23559,Mussolini,Benito Mussolini,0.72,1.0,,,,0.945175,0.8883916666666667
Q4235,Miley Cyrus,Miley Cyrus,1.0,1.0,,,,1.0000001,1.0000000333333334
Q166317,Dybala,Paulo Dybala,0.6666666666666666,1.0,,,,0.9411878,0.8692848222222223
Q40715,Jennifer Lopez,Jennifer Lopez,1.0,1.0,,,,1.0,1.0
Q240896,Vlady,Marina Vlady,0.5882352941176471,1.0,,,,0.896085,0.8281067647058823
Q3939571,Commisso,Rocco Commisso,0.7272727272727273,0.8888888888888888,,,,0.90490437,0.8403553287205386
Q4441,emily dickinson,Emily Dickinson,0.8666666666666667,1.0,,,,1.0000002,0.9555556222222222
Q10745343,louis tomlinson,Louis Tomlinson,0.8666666666666667,1.0,,,,1.0000004,0.9555556888888889
Q229166,amber,Amber Heard,0.5,1.0,,,,0.95460856,0.8182028533333333
Q234758,Pellegrini,Federica Pellegrini,0.6896551724137931,0.8888888888888888,,,,0.9424062,0.8403167537675605
Q25163,Saviano,Roberto Saviano,0.6363636363636364,1.0,,,,0.95718825,0.8645172954545455
Q3290931,maria de filippi,Maria De Filippi,0.8125,1.0,,,,1.0,0.9375
Q34086,justin,Justin Bieber,0.5263157894736842,1.0,,,,0.9349798,0.8204318631578946
Q133903,Van Dijk,Virgil van Dijk,0.6956521739130435,1.0,,,,0.96553814,0.8870634379710145
Q451791,Meloni,Giorgia Meloni,0.6,1.0,,,,0.94809186,0.8493639533333334
Q287186,Ilary Blasi,Ilary Blasi,1.0,1.0,,,,1.0000002,1.0000000666666666
Q312556,jeff he,Jeff Bezos,0.5882352941176471,1.0,,,,0.92141116,0.8365488180392157
Q314670,Inzaghi Simone,Simone Inzaghi,0.5,1.0,,,,0.9559127,0.8186375666666666
Q208050,Bonucci,Leonardo Bonucci,0.6086956521739131,1.0,,,,0.9408686,0.8498547507246377
Q775572,De Laurentiis?,Aurelio De Laurentiis,0.7428571428571429,1.0,,,,0.9198893,0.8875821476190476
Q505455,Jovanotti,Jovanotti,1.0,1.0,,,,1.0,1.0
Q3726136,Balbontin,Enrique Balbontin,0.6923076923076923,1.0,,,,0.9475086,0.8799387641025641
Q3742174,Felice,Felice Maniero,0.6,0.8888888888888888,,,,0.9370556,0.8086481629629629
Q310813,Spalletti,Luciano Spalletti,0.6923076923076923,1.0,,,,0.9439018,0.8787364974358974
Q19938549,Busolin,Emilio Busolini,0.6363636363636364,1.0,,,,0.9055262,0.8472966121212121
Q3762532,Mughini,Giampiero Mughini,0.5833333333333334,1.0,,,,0.96560377,0.8496457011111112
Q317142,Leonardo Sciascia,Leonardo Sciascia,1.0,1.0,,,,1.0,1.0
Q15964494,Gagliardini,Roberto Gagliardini,0.7333333333333333,1.0,,,,0.9613145,0.8982159444444444
Q25100,Nanni,Nanni Moretti,0.5555555555555556,1.0,,,,0.92591715,0.8271575685185185
Q3741984,Fedez,Fedez,1.0,1.0,,,,1.0,1.0
Q153708,Ramazzotti,Eros Ramazzotti,0.8,1.0,,,,0.9247326,0.9082442000000001
Q621381,Robecchi,Alessandro Robecchi,0.5925925925925926,1.0,,,,0.8779777,0.8235234308641974
Q296729,bennett,Tony Bennett,0.631578947368421,0.8888888888888888,,,,0.89701855,0.8058287954191033
Q9458,maometto,Maometto,0.875,1.0,,,,1.0,0.9583333333333334
Q345,Madre di Cristo,Maria (madre di Gesù),0.5555555555555556,1.0,,,,0.9118388,0.8224647851851851
Q233371,taeyeon,Kim Tae-yeon,0.631578947368421,1.0,,,,0.8144244,0.8153344491228071
Q310341,Negri,Toni Negri,0.6666666666666666,0.8888888888888888,,,,0.9080504,0.8212019851851852
Q8933801,Ferragni,Chiara Ferragni,0.6956521739130435,1.0,,,,0.91762227,0.8710914813043478
Q3763333,Paragone,Gianluigi Paragone,0.6153846153846154,1.0,,,,0.91912234,0.8448356517948717
Q367846,Gasperini,Gian Piero Gasperini,0.6206896551724138,1.0,,,,0.8688155,0.829835051724138
Q3893743,Bargiggia,Paolo Bargiggia,0.75,1.0,,,,0.9144316,0.8881438666666667
Q24174947,jojo siwa,JoJo Siwa,0.6666666666666666,1.0,,,,0.9999999,0.8888888555555555
Q161054,Perisic,Ivan Perišić,0.5263157894736842,1.0,,,,0.9049625,0.810426096491228
